{
  "x_points": [
    0.0,
    0.05263157894736842,
    0.10526315789473684,
    0.15789473684210525,
    0.21052631578947367,
    0.2631578947368421,
    0.3157894736842105,
    0.3684210526315789,
    0.42105263157894735,
    0.47368421052631576,
    0.5263157894736842,
    0.5789473684210527,
    0.631578947368421,
    0.6842105263157894,
    0.7368421052631579,
    0.7894736842105263,
    0.8421052631578947,
    0.894736842105263,
    0.9473684210526315,
    1.0
  ],
  "y_points": [
    0.0,
    0.0,
    0.0,
    0.0,
    0.25,
    0.4166666666666667,
    0.4166666666666667,
    0.5,
    0.5,
    0.5357142857142857,
    0.5357142857142857,
    0.5357142857142857,
    0.5566614296936372,
    0.56,
    0.56,
    0.7,
    0.8,
    1.0,
    1.0,
    1.0
  ],
  "metadata": {
    "identity": false,
    "n_samples": 104,
    "n_breakpoints": 20,
    "fitted_on": "VM-PAV-refit",
    "fitted_at": "2026-04-08T12:00:00Z",
    "ece_before": 0.123,
    "ece_after_insample": 0.0,
    "brier_before": 0.24246,
    "brier_after_insample": 0.21818
  }
}