{
  "alpha": 19.251064098231566,
  "beta": 0.0023423646661503263,
  "gamma": 648.0333681712756,
  "delta": -645.8717051293607,
  "lambda": 0.30000000000000004,
  "k_factor": 20.0,
  "c": 400.0,
  "season_revert": 0.25,
  "ewm_alpha": 0.3,
  "n_games": 9532,
  "test_brier_elo": 0.22134430118496218,
  "test_brier_movda": 0.2187673248477065
}